Annotator,PostsAnnotated,IAT-RACE,IAT-GenderCareer,IAT-Sexuality,IAT-Religion,HCBS-NegativeBelief,HCBS-OffenderPunishment,HCBS-Deterrence,HCBS-VictimHarm
0,7715,0.4,0.0,1.0,0.3333333333333333,0.0,1.0,1.0,1.0
1,3987,0.8,1.0,0.5,0.6666666666666666,0.1875,0.7333333333333333,0.5555555555555562,0.8333333333333334
2,4945,0.8,0.0,0.3333333333333333,0.3333333333333333,0.65625,0.0,0.4444444444444449,0.0
5,3781,0.6,1.0,0.0,1.0,1.0,0.3333333333333333,0.0,0.7777777777777773
6,4062,0.8,1.0,0.8333333333333334,0.3333333333333333,0.84375,0.2666666666666666,0.2222222222222227,0.3333333333333333
7,8464,0.0,1.0,0.3333333333333333,0.3333333333333333,0.375,0.3333333333333333,0.7777777777777785,1.0
11,12669,0.8,0.0,0.6666666666666666,0.0,0.78125,0.6,0.2222222222222227,1.0
12,8016,1.0,0.0,0.6666666666666666,0.3333333333333333,0.09375,0.8,0.4444444444444449,1.0
